path,sha256,comparison,upstream_paths
03_Hardware/01_CAD_Source/SolidWorks_Assemblies/LED_PCB_Model_from_JLC/led_board_combined.SLDASM,1b2b1c87b926b962a32be873c68952055b7364bb3a436b641cbcb921e6dddc91,Exact upstream match,02_Software/Final_Repository_Snapshot/Original/9DTact_Design/LED_PCB/LED_Model_from_JLC/led_board_combined.SLDASM
03_Hardware/01_CAD_Source/SolidWorks_Assemblies/LED_PCB_Model_from_JLC/led_board_down.SLDPRT,f0f7129657d0ddc3813b376758c039c77eaae105930bb26e05f550ebf3f60f5f,Exact upstream match,02_Software/Final_Repository_Snapshot/Original/9DTact_Design/LED_PCB/LED_Model_from_JLC/led_board_down.SLDPRT
03_Hardware/01_CAD_Source/SolidWorks_Assemblies/LED_PCB_Model_from_JLC/led_board_from_JLC.SLDPRT,082b5f3ef0d20164a1d7d2d2236c8c37d4c10b80b316df708a1f1764dabd58d6,Exact upstream match,02_Software/Final_Repository_Snapshot/Original/9DTact_Design/LED_PCB/LED_Model_from_JLC/led_board_from_JLC.SLDPRT
03_Hardware/01_CAD_Source/SolidWorks_Assemblies/LED_PCB_Model_from_JLC/led_board_up.SLDPRT,a4411e9cc7c4b04af20ac70f71128b63d53ec794b83d298906636d2b1eced441,Exact upstream match,02_Software/Final_Repository_Snapshot/Original/9DTact_Design/LED_PCB/LED_Model_from_JLC/led_board_up.SLDPRT
03_Hardware/01_CAD_Source/SolidWorks_Parts/Calibration/calibration_board.SLDPRT,20e574592fc46801cc4254c495c2424cd15390290423e8ea4e59f9d99efb9ada,Exact upstream match,02_Software/Final_Repository_Snapshot/Original/9DTact_Design/fabrication/calibration_board.SLDPRT
03_Hardware/01_CAD_Source/SolidWorks_Parts/Gripper/gripper-L.SLDPRT,02b70f7e631ba5b3c127261ccaab7eff672e75fd2c4a4e3be688cbb9562dc2cb,No exact byte match; not an authorship conclusion,
03_Hardware/01_CAD_Source/SolidWorks_Parts/Gripper/gripper-R.SLDPRT,7df41019d557937614561ad58eae5c1af94d87d95c381d20c64b8de9a032ee06,No exact byte match; not an authorship conclusion,
03_Hardware/01_CAD_Source/SolidWorks_Parts/Optimized_Sensor/acrylic_window.SLDPRT,db339570dd11e936abc3d00144f940362a76a9457c7bd763cb6525b1a5ffe8ac,Exact upstream match,02_Software/Final_Repository_Snapshot/Original/9DTact_Design/2_Diffusion_Module/acrylic_window.SLDPRT
03_Hardware/01_CAD_Source/SolidWorks_Parts/Optimized_Sensor/isolation_ring.SLDPRT,ea57e9d43094f71fde8e520f46240cf10dd2b9270f3f743cf5d25ca738db4c79,Exact upstream match,02_Software/Final_Repository_Snapshot/Original/9DTact_Design/2_Diffusion_Module/isolation_ring.SLDPRT
03_Hardware/01_CAD_Source/SolidWorks_Parts/Optimized_Sensor/sensor_base.SLDPRT,52aa7b718a13a1e016435853df094ccc270ecf1d830b233554c87ec9df79c21c,No exact byte match; not an authorship conclusion,
03_Hardware/01_CAD_Source/SolidWorks_Parts/Optimized_Sensor/sensor_shell_optimized.SLDPRT,89f06e29cbd3a185486ce5b376776283824c6cda9ed0376a3581c65836ee1ff5,No exact byte match; not an authorship conclusion,
03_Hardware/01_CAD_Source/SolidWorks_Parts/Test_Connections/FT300_connection base.SLDPRT,4656feaddc7c1031ad097d4601da9650c6be078923154c49ff11c89f2754e3be,No exact byte match; not an authorship conclusion,
03_Hardware/01_CAD_Source/SolidWorks_Parts/Test_Connections/sensor_connection base.SLDPRT,7ae5e1779101a9c6e4c53ccf6a349f9b4c223d3725794ed86c03babcb5b09660,No exact byte match; not an authorship conclusion,
03_Hardware/03_Print_Files_STL/Converted/SolidWorks_Parts/Calibration/calibration_board.STL,6426f6af7bb57ed5bd4945c59cd14600b31608109dfe3266e53ca9088b79903c,No exact byte match; not an authorship conclusion,
03_Hardware/03_Print_Files_STL/Converted/SolidWorks_Parts/Optimized_Sensor/acrylic_window.STL,12332dae3063af5b44bbc68a2160d22be12bd4f6c8438ab27b3c59a92f2eba93,No exact byte match; not an authorship conclusion,
03_Hardware/03_Print_Files_STL/Converted/SolidWorks_Parts/Optimized_Sensor/isolation_ring.STL,4d3ea57472716b995fb6fda1efd796c4323e3c56fa7c4fd044aa74c4e86f4cc1,No exact byte match; not an authorship conclusion,
03_Hardware/03_Print_Files_STL/Converted/SolidWorks_Parts/Optimized_Sensor/sensor_base.STL,6bdc65bc01b6bd15e9eeab87fe375c6d98af427cfd46e86e2b7e1b7a60a26095,No exact byte match; not an authorship conclusion,
03_Hardware/03_Print_Files_STL/Converted/SolidWorks_Parts/Optimized_Sensor/sensor_shell_optimized.STL,9ac971578ed41aa10b907d9fcbaee525c7c08b5f6a96b728dddacf5cce539123,No exact byte match; not an authorship conclusion,
03_Hardware/03_Print_Files_STL/Converted/SolidWorks_Parts/Test_Connections/FT300_connection base.STL,a26f688f5753b5e801c8cbe0222a24111181c945795fa5f2585a85c913c2ad9e,No exact byte match; not an authorship conclusion,
03_Hardware/03_Print_Files_STL/Converted/SolidWorks_Parts/Test_Connections/sensor_connection base.STL,95dfea1caacb2bd53f2c83b29a56d7e10620fe59822faa75ab0ffdf662d079a3,No exact byte match; not an authorship conclusion,
03_Hardware/03_Print_Files_STL/Existing_Source/Gripper/gripper-L.STL,3f7480c670bf4716f07b729cae8f4254122eabbaaeba19dde6293bc688f34729,No exact byte match; not an authorship conclusion,
03_Hardware/03_Print_Files_STL/Existing_Source/Gripper/gripper-R.STL,30d36ab5b4731c26aec2af04a2a4541f3ac22fee607522a303ba37e123a41303,No exact byte match; not an authorship conclusion,
03_Hardware/04_Engineering_Drawings/Acrylic_Mold/mold_1_thickness_2.5mm.DXF,3689d554bd6a8f5b41a639c74eddef5982ac278953eb0988a3ba405b9be190f6,No exact byte match; not an authorship conclusion,
03_Hardware/04_Engineering_Drawings/Acrylic_Mold/mold_2_thickness_2.8mm.DXF,c4449bcd481bc38218a51c42db4cd7f31143dfe180a24843fd936312a484eb93,No exact byte match; not an authorship conclusion,
03_Hardware/04_Engineering_Drawings/Acrylic_Mold/mold_base_thickness_3.0mm.DXF,d5c6a68f8cc59499b45547a20645563c7032d8fa7a53ca8bf971013388c469de,No exact byte match; not an authorship conclusion,
03_Hardware/05_BOM/Electronics/BOM_LED-PCB.xlsx,17d79c93ef6d8cb6d7491cbfa933d972dbbd88575ff4919e45f962d60aa950c0,Exact upstream match,02_Software/Final_Repository_Snapshot/Original/9DTact_Design/LED_PCB/BOM_LED-PCB_2024-08-18.xlsx
03_Hardware/05_BOM/Mechanical/Project_Master_BOM.xlsx,dabc9d9a6a223cc3f4473868fe6af32bd5dd70fe05e12d8f4c5ffc5b1d54783e,No exact byte match; not an authorship conclusion,
03_Hardware/07_PCB_and_Electronics/LED_PCB/Assembly_Data/PickAndPlace_LED-PCB.xlsx,f2c1a273f79b1a22768e2ab5be767e60ee9b9f005836e22cc25fec787e8645cd,Exact upstream match,02_Software/Final_Repository_Snapshot/Original/9DTact_Design/LED_PCB/PickAndPlace_LED-PCB_2024-08-18.xlsx
03_Hardware/07_PCB_and_Electronics/LED_PCB/Gerber/Drill_NPTH_Through.DRL,eb428ca00a7327cdaed7431d60108bb40f7747ac38b422c5dad79e3c6e5befe0,No exact byte match; not an authorship conclusion,
03_Hardware/07_PCB_and_Electronics/LED_PCB/Gerber/Drill_PTH_Through.DRL,e3aa53b5f4d08659365eed78cf5592239e839e6de1caf93c84a677844b6707d4,No exact byte match; not an authorship conclusion,
03_Hardware/07_PCB_and_Electronics/LED_PCB/Gerber/Drill_PTH_Through_Via.DRL,c5fd32bc17587fe9f4c82b2f6a31e8548aa2f5342e2cb940075131d0d97c211c,No exact byte match; not an authorship conclusion,
03_Hardware/07_PCB_and_Electronics/LED_PCB/Gerber/Fabrication_ColorfulBoardOutlineLayer.FCBO,d9314bd8b2b6fd8b413287b78fc69f45622a90ce27f1ad585e1ae44a13b36891,Exact upstream match,02_Software/Final_Repository_Snapshot/Original/9DTact_Design/LED_PCB/Gerber_LED-PCB_2024-08-18/Fabrication_ColorfulBoardOutlineLayer.FCBO
03_Hardware/07_PCB_and_Electronics/LED_PCB/Gerber/Fabrication_ColorfulBoardOutlineMark.FCBM,e414e7bde02e6848f9c07d1ab8bdba323626ed1db198f6a18671298096aac42a,No exact byte match; not an authorship conclusion,
03_Hardware/07_PCB_and_Electronics/LED_PCB/Gerber/Fabrication_ColorfulBottomSilkscreen.FCBS,4ff8be99b0a2f98289a48eb120edf0058ed54768ef1a931d6368c308adcaf0b1,Exact upstream match,02_Software/Final_Repository_Snapshot/Original/9DTact_Design/LED_PCB/Gerber_LED-PCB_2024-08-18/Fabrication_ColorfulBottomSilkscreen.FCBS
03_Hardware/07_PCB_and_Electronics/LED_PCB/Gerber/Fabrication_ColorfulTopSilkscreen.FCTS,778a03a92e5b8f25aea7b7b4c2a7a1c9eaa3a58dbfda85b5d23b1fc368bd6e62,Exact upstream match,02_Software/Final_Repository_Snapshot/Original/9DTact_Design/LED_PCB/Gerber_LED-PCB_2024-08-18/Fabrication_ColorfulTopSilkscreen.FCTS
03_Hardware/07_PCB_and_Electronics/LED_PCB/Gerber/FlyingProbeTesting.json,4d14aee3bc0960b09d454c1ce6bf568eaa775e676a33b5916d223a12b88008ac,No exact byte match; not an authorship conclusion,
03_Hardware/07_PCB_and_Electronics/LED_PCB/Gerber/Gerber_BoardOutlineLayer.GKO,3dee2066a1932392d223adc62af06b65136f907517858e63ed8509664a7dfc52,No exact byte match; not an authorship conclusion,
03_Hardware/07_PCB_and_Electronics/LED_PCB/Gerber/Gerber_BottomLayer.GBL,19d6875266e787f07a738889ea4cc67b09adb199b1aec8d8756a0033bf745d76,No exact byte match; not an authorship conclusion,
03_Hardware/07_PCB_and_Electronics/LED_PCB/Gerber/Gerber_BottomPasteMaskLayer.GBP,37044293df03789d58e98ce3fad4708f89745f1f9ceb1554aaf3146c3ef3b2a6,No exact byte match; not an authorship conclusion,
03_Hardware/07_PCB_and_Electronics/LED_PCB/Gerber/Gerber_BottomSilkscreenLayer.GBO,b1cabca32771de7987643fcedec46aac0e914d6f89124862de637f17ab99f062,No exact byte match; not an authorship conclusion,
03_Hardware/07_PCB_and_Electronics/LED_PCB/Gerber/Gerber_BottomSolderMaskLayer.GBS,775849611e3287d93137455a264b0a3a5c19fc6ea08d919fb66de04997f8ef96,No exact byte match; not an authorship conclusion,
03_Hardware/07_PCB_and_Electronics/LED_PCB/Gerber/Gerber_DocumentLayer.GDL,362a43dd35dd8425ffb3f4822f4dab91a5475d2a46a79b3ef2748ab043f67dc9,No exact byte match; not an authorship conclusion,
03_Hardware/07_PCB_and_Electronics/LED_PCB/Gerber/Gerber_DrillDrawingLayer.GDD,113a353c0efd79833aae3cbf4bbbb8f53de7edf767ad2d67eeb6be8d3e04f805,No exact byte match; not an authorship conclusion,
03_Hardware/07_PCB_and_Electronics/LED_PCB/Gerber/Gerber_TopLayer.GTL,19fb54c558d24d8f970101b5b72e4bbb65b99b96577a69e4dde0224df0d8c462,No exact byte match; not an authorship conclusion,
03_Hardware/07_PCB_and_Electronics/LED_PCB/Gerber/Gerber_TopPasteMaskLayer.GTP,42e5ef7e64faf6d1a9d42512d0aa67d77bf250d3659a6403c9b42511c69c001b,No exact byte match; not an authorship conclusion,
03_Hardware/07_PCB_and_Electronics/LED_PCB/Gerber/Gerber_TopSilkscreenLayer.GTO,894a1f2e5094e47ae3cda2ddc1a53419113d293b90a366a29de817ca76eb0fce,No exact byte match; not an authorship conclusion,
03_Hardware/07_PCB_and_Electronics/LED_PCB/Gerber/Gerber_TopSolderMaskLayer.GTS,ddd3600188eeaaa44aa1ec7a5cab9ad9082dbfa75869042f0025002ec0d74f81,No exact byte match; not an authorship conclusion,
03_Hardware/07_PCB_and_Electronics/LED_PCB/Gerber/PCB下单必读.txt,dcb3ee1c645c17a009d70726ad9ab708b68a074556fabcf75a4a059d3b43ec59,No exact byte match; not an authorship conclusion,
03_Hardware/07_PCB_and_Electronics/LED_PCB/Gerber_Archive/Gerber_LED-PCB_.zip,02f264d280e4fc9d2e17e9a3bb21ef369b5bda3022f19f7b1ccc28d1e0d8db56,Exact upstream match,02_Software/Final_Repository_Snapshot/Original/9DTact_Design/LED_PCB/Gerber_LED-PCB_2024-08-18.zip
03_Hardware/07_PCB_and_Electronics/LED_PCB/Source_Project/9DTact_LED_ProEAD.epro,3e5f3be8f51f0324e4d727af5a39e0d74a63afd5c6cd0d8bf54e75eb2756df3c,Exact upstream match,02_Software/Final_Repository_Snapshot/Original/9DTact_Design/LED_PCB/9DTact_LED_ProEAD.epro
